{"filter":false,"title":"translate_input.json","tooltip":"/my_venv/translate_input.json","undoManager":{"mark":0,"position":0,"stack":[[{"start":{"row":0,"column":0},"end":{"row":9,"column":0},"action":"insert","lines":["{","    \"Input\":[","        {","        \"Text\":\"I am learning to code in AWS\",","        \"SourceLanguageCode\":\"en\",","        \"TargetLanguageCode\":\"fr\"","        }","    ]","}",""],"id":1}]]},"ace":{"folds":[],"scrolltop":0,"scrollleft":0,"selection":{"start":{"row":9,"column":0},"end":{"row":9,"column":0},"isBackwards":false},"options":{"guessTabSize":true,"useWrapMode":false,"wrapToView":true},"firstLineState":0},"timestamp":1627318844916,"hash":"d3194ba9fc948f875f0402268dc93ac64e8a5fa6"}