{"filter":false,"title":"translate_input.json","tooltip":"/translate_input.json","undoManager":{"mark":1,"position":1,"stack":[[{"start":{"row":0,"column":0},"end":{"row":9,"column":0},"action":"insert","lines":["{","    \"Input\":[","        {","        \"Text\":\"I am learning to code in AWS\",","        \"SourceLanguageCode\":\"en\",","        \"TargetLanguageCode\":\"fr\"","        }","    ]","}",""],"id":1}],[{"start":{"row":0,"column":0},"end":{"row":9,"column":0},"action":"remove","lines":["{","    \"Input\":[","        {","        \"Text\":\"I am learning to code in AWS\",","        \"SourceLanguageCode\":\"en\",","        \"TargetLanguageCode\":\"fr\"","        }","    ]","}",""],"id":2},{"start":{"row":0,"column":0},"end":{"row":39,"column":0},"action":"insert","lines":["{","    \"Input\":[","        {","        \"Text\":\"What is cloud computing?\",","        \"SourceLanguageCode\":\"en\",","        \"TargetLanguageCode\":\"fr\"","        },","        {","        \"Text\":\"Cloud computing is the on-demand delivery of IT resources over the Internet with pay-as-you-go pricing.\",","        \"SourceLanguageCode\":\"en\",","        \"TargetLanguageCode\":\"fr\"","        },","        {","        \"Text\":\"Instead of buying, owning, and maintaining physical data centers and servers, you can access technology services, such as computing power, storage, and databases, on an as-needed basis from a cloud provider like Amazon Web Services (AWS)\",","        \"SourceLanguageCode\":\"en\",","        \"TargetLanguageCode\":\"fr\"","        },","        {       ","        \"Text\":\"Who is using cloud computing?\",","        \"SourceLanguageCode\":\"en\",","        \"TargetLanguageCode\":\"fr\"","        },","        {       ","        \"Text\":\"Organizations of every type, size, and industry are using the cloud for a wide variety of use cases, such as data backup, disaster recovery, email, virtual desktops, software development and testing, big data analytics, and customer-facing web applications.\",","        \"SourceLanguageCode\":\"en\",","        \"TargetLanguageCode\":\"fr\"","        },","        {       ","        \"Text\":\"For example, healthcare companies are using the cloud to develop more personalized treatments for patients. Financial services companies are using the cloud to power real-time fraud detection and prevention.\",","        \"SourceLanguageCode\":\"en\",","        \"TargetLanguageCode\":\"fr\"","        },        ","        {       ","        \"Text\":\"And video game makers are using the cloud to deliver online games to millions of players around the world.\",","        \"SourceLanguageCode\":\"en\",","        \"TargetLanguageCode\":\"fr\"","        }","    ] ","} ",""]}]]},"ace":{"folds":[],"scrolltop":225,"scrollleft":0,"selection":{"start":{"row":39,"column":0},"end":{"row":39,"column":0},"isBackwards":false},"options":{"guessTabSize":true,"useWrapMode":false,"wrapToView":true},"firstLineState":{"row":15,"state":"start","mode":"ace/mode/json"}},"timestamp":1627386269112,"hash":"2f3ff28dc19fb0f7a7881e85213139a4271af7b7"}